{
  "welcomeFile": "index.html",
  "authenticationMethod": "route",
  "routes": [
    {
      "source": "^/api/(.*)",
      "target": "$1",
      "destination": "eye-srv-api",
      "authenticationType": "xsuaa",
      "csrfProtection": false
    },

    {
      "source": "^/token/(.*)",
      "target": "/oauth2/token",
      "destination": "kyma-function-token",
      "authenticationType": "none",
      "csrfProtection": false
    },

    {
      "source": "^/rule/(.*)",
      "target": "$1",
      "destination": "eye-serverless-functions",
      "authenticationType": "none",
      "csrfProtection": false
    },


    {
      "source": "^/func/(.*)",
      "target": "$1",
      "destination": "eye-functions",
      "authenticationType": "none",
      "csrfProtection": false
      
    },

    {
      "authenticationType": "xsuaa",
      "source": "^(.*)$",
      "target": "$1",
      "service": "html5-apps-repo-rt"
    }
  ]
}